James,Butt,jbutt@gmail.com,6789098765,"Benton, John B Jr",6649 N Blue Gum St,70116
Josephine,Darakjy,josephine_darakjy@darakjy.org,9090987654,"Chanay, Jeffrey A Esq",4 B Blue Ridge Blvd,48116
Art,Venere,art@venere.org,8765432123,"Chemel, James L Cpa",8 W Cerritos Ave #54,8014
Lenna,Paprocki,lpaprocki@hotmail.com,7890098765,Feltz Printing Service,639 Main St,99501
Donette,Foller,donette.foller@cox.net,7890567890,Printing Dimensions,34 Center St,45011
Simona,Morasca,simona@morasca.com,9087656789,"Chapman, Ross E Esq",3 Mcauley Dr,44805
Mitsue,Tollner,mitsue_tollner@yahoo.com,9087909098,Morlong Associates,7 Eads St,60632
Leota,Dilliard,leota@hotmail.com,7654345679,Commercial Press,7 W Jackson Blvd,95111
Sage,Wieser,sage_wieser@cox.net,6754321098,Truhlar And Truhlar Attys,5 Boston Ave #88,57105
